,BS,TE,SE,PTE,PSE
0,12.5,19.047619047619044,38.46153846153846,12.5,12.5
1,54.54545454545454,75.00000000000001,63.63636363636363,57.14285714285713,54.54545454545454
2,0.0,5.555555555555556,5.555555555555556,0.0,0.0
3,45.454545454545446,31.57894736842105,11.76470588235294,60.8695652173913,45.454545454545446
4,19.672131147540988,21.875,22.641509433962266,6.896551724137931,6.666666666666668
5,29.54545454545454,23.68421052631579,10.95890410958904,34.567901234567906,40.4494382022472
6,20.833333333333332,11.428571428571429,10.256410256410255,22.222222222222225,13.559322033898304
7,66.66666666666666,23.52941176470588,44.44444444444444,66.66666666666666,44.44444444444444
8,15.789473684210526,15.384615384615385,21.621621621621625,15.789473684210526,9.523809523809524
9,43.24324324324324,31.25,42.42424242424242,42.10526315789474,57.89473684210527
10,20.83333333333333,4.166666666666666,10.0,5.7142857142857135,5.7142857142857135
11,27.027027027027025,4.25531914893617,4.878048780487805,34.14634146341463,34.14634146341463
12,9.75609756097561,6.666666666666668,13.333333333333334,6.25,10.0
13,40.0,20.0,20.0,40.0,40.0
14,20.895522388059707,3.7735849056603774,14.814814814814813,18.18181818181818,18.18181818181818
15,7.8431372549019605,5.128205128205128,14.634146341463413,0.0,4.0
16,33.33333333333333,33.33333333333333,44.44444444444445,75.0,75.0
17,22.72727272727273,6.451612903225806,0.0,10.0,10.810810810810812
18,33.33333333333333,0.0,10.526315789473683,35.29411764705882,35.29411764705882
19,34.28571428571428,20.0,25.806451612903224,27.777777777777768,16.216216216216214
20,26.82926829268293,3.0303030303030307,8.108108108108109,21.917808219178085,25.581395348837212
21,15.789473684210526,23.25581395348837,5.555555555555555,15.789473684210526,15.789473684210526
22,25.53191489361702,14.634146341463413,19.04761904761905,25.0,31.818181818181817
23,80.0,53.333333333333336,54.545454545454554,80.0,80.0
24,25.531914893617024,25.0,5.882352941176471,29.166666666666668,47.05882352941176
25,17.142857142857146,0.0,5.7142857142857135,24.39024390243903,16.666666666666664
26,0.0,0.0,0.0,0.0,0.0
27,25.0,11.76470588235294,11.11111111111111,23.52941176470588,30.303030303030297
28,41.7910447761194,17.02127659574468,8.695652173913045,24.61538461538461,31.25000000000001
29,42.5531914893617,33.33333333333333,18.604651162790695,32.55813953488372,38.297872340425535
30,0.0,0.0,0.0,17.391304347826082,17.391304347826082
31,14.285714285714288,0.0,0.0,14.285714285714288,12.5
32,42.857142857142854,42.857142857142854,42.857142857142854,37.5,61.53846153846153
33,22.222222222222225,0.0,0.0,22.222222222222225,25.0
34,40.625,24.137931034482758,23.333333333333332,23.18840579710145,23.18840579710145
35,11.11111111111111,22.22222222222222,11.11111111111111,11.11111111111111,11.11111111111111
36,12.5,0.0,12.903225806451616,51.85185185185186,36.36363636363637
37,10.0,0.0,0.0,5.128205128205128,19.04761904761905
38,18.181818181818183,21.05263157894737,11.76470588235294,9.523809523809524,9.523809523809524
39,47.36842105263158,24.390243902439025,0.0,20.0,20.0
40,8.888888888888888,0.0,0.0,8.888888888888888,8.16326530612245
41,10.526315789473683,12.5,12.5,9.523809523809524,9.523809523809524
42,13.114754098360654,12.903225806451612,0.0,29.032258064516125,29.85074626865672
43,13.333333333333334,14.285714285714288,14.285714285714288,80.0,80.0
44,11.11111111111111,11.11111111111111,0.0,27.27272727272728,11.11111111111111
45,10.0,17.391304347826082,33.33333333333333,16.666666666666664,24.0
46,5.882352941176471,17.647058823529413,17.647058823529413,16.666666666666664,16.666666666666664
47,50.000000000000014,0.0,33.33333333333333,50.000000000000014,50.000000000000014
48,27.27272727272727,9.523809523809524,35.294117647058826,27.27272727272727,27.27272727272727
49,8.695652173913045,15.384615384615385,24.0,8.333333333333334,8.0
50,9.523809523809524,15.789473684210526,0.0,8.695652173913041,8.695652173913041
51,7.4074074074074066,11.111111111111112,0.0,7.4074074074074066,7.4074074074074066
52,100.0,66.66666666666667,66.66666666666666,100.0,100.0
53,0.0,38.46153846153846,38.46153846153846,0.0,0.0
54,33.333333333333336,33.333333333333336,33.333333333333336,33.333333333333336,33.333333333333336
55,12.121212121212125,23.80952380952381,0.0,67.9245283018868,61.53846153846154
56,16.666666666666664,26.666666666666668,23.52941176470588,40.0,25.0
57,28.57142857142857,44.44444444444445,63.1578947368421,44.44444444444445,44.44444444444445
58,22.95081967213115,22.580645161290324,22.95081967213115,22.95081967213115,22.95081967213115
59,7.692307692307692,0.0,0.0,6.89655172413793,6.89655172413793
60,16.666666666666664,15.384615384615385,16.666666666666664,16.666666666666664,16.666666666666664
61,8.0,16.0,0.0,32.25806451612903,23.07692307692308
62,24.242424242424246,0.0,0.0,23.076923076923077,29.629629629629633
63,22.222222222222225,21.27659574468085,29.166666666666668,22.222222222222225,22.222222222222225
64,9.302325581395348,8.695652173913041,0.0,9.090909090909092,4.545454545454546
65,40.0,45.16129032258064,23.07692307692308,70.96774193548387,62.500000000000014
66,100.0,18.18181818181818,0.0,100.0,100.0
67,19.230769230769234,19.230769230769234,19.230769230769234,19.607843137254903,19.230769230769234
68,9.523809523809524,30.0,13.636363636363635,35.08771929824562,36.36363636363637
69,32.25806451612903,11.11111111111111,19.354838709677416,32.25806451612903,32.25806451612903
70,32.0,50.000000000000014,50.0,32.0,32.0
71,47.05882352941176,23.52941176470588,47.05882352941176,47.05882352941176,47.05882352941176
72,46.15384615384616,28.57142857142857,0.0,40.0,32.0
73,28.57142857142857,26.666666666666668,23.52941176470588,28.57142857142857,28.57142857142857
74,33.33333333333333,30.76923076923077,38.46153846153847,21.428571428571427,21.428571428571427
75,63.63636363636363,12.500000000000005,33.33333333333333,63.63636363636363,66.66666666666666
76,23.80952380952381,14.814814814814813,13.79310344827586,0.0,0.0
77,21.818181818181813,21.62162162162162,15.789473684210527,23.52941176470588,45.454545454545446
78,20.689655172413797,32.25806451612903,34.28571428571429,31.25,25.0
79,12.5,19.35483870967742,6.666666666666668,13.333333333333334,13.333333333333334
80,63.1578947368421,84.21052631578948,60.0,84.21052631578948,84.21052631578948
81,42.10526315789474,27.027027027027025,21.621621621621625,51.61290322580646,43.24324324324325
82,54.54545454545454,31.57894736842105,48.64864864864866,54.54545454545454,54.54545454545454
83,16.666666666666664,12.90322580645161,5.555555555555555,13.636363636363635,19.51219512195122
84,6.896551724137931,0.0,0.0,24.242424242424246,38.0952380952381
85,14.035087719298248,11.320754716981133,11.76470588235294,21.052631578947363,14.035087719298248
86,30.43478260869565,24.000000000000004,42.5531914893617,27.45098039215686,27.45098039215686
87,0.0,11.764705882352942,10.526315789473683,0.0,0.0
88,9.302325581395348,18.867924528301884,12.5,22.22222222222222,12.765957446808507
89,37.03703703703703,27.586206896551722,27.586206896551722,29.629629629629626,37.03703703703703
90,0.0,0.0,22.22222222222222,0.0,100.0
91,13.953488372093027,0.0,4.761904761904762,18.181818181818183,12.244897959183673
92,13.953488372093027,12.5,16.216216216216214,13.953488372093027,13.953488372093027
93,27.27272727272727,18.181818181818183,30.769230769230766,24.999999999999993,27.27272727272727
94,33.9622641509434,51.16279069767441,40.81632653061225,28.57142857142857,33.9622641509434
95,51.85185185185185,48.0,48.0,51.85185185185185,57.14285714285714
96,0.0,12.903225806451616,11.76470588235294,24.242424242424246,27.027027027027025
97,0.0,0.0,0.0,0.0,0.0
98,55.99999999999999,0.0,33.333333333333336,55.99999999999999,55.99999999999999
99,0.0,0.0,8.695652173913045,0.0,0.0
100,29.268292682926827,4.166666666666666,20.51282051282051,40.90909090909091,34.782608695652165
101,10.0,0.0,49.999999999999986,55.99999999999999,19.04761904761905
102,0.0,13.333333333333334,11.11111111111111,0.0,0.0
103,71.42857142857143,71.42857142857143,71.42857142857143,50.0,71.42857142857143
104,63.1578947368421,63.1578947368421,63.1578947368421,47.61904761904762,63.1578947368421
105,43.90243902439024,32.55813953488372,37.2093023255814,43.90243902439024,43.90243902439024
106,18.75,0.0,0.0,18.75,12.903225806451612
107,0.0,0.0,8.0,0.0,0.0
108,11.76470588235294,23.52941176470588,23.52941176470588,11.76470588235294,11.76470588235294
109,5.555555555555556,0.0,5.882352941176471,10.256410256410255,10.526315789473683
110,6.896551724137931,13.793103448275861,13.793103448275861,17.647058823529413,6.896551724137931
111,26.666666666666668,12.5,0.0,30.0,30.43478260869565
112,12.903225806451612,5.714285714285714,18.181818181818183,9.09090909090909,21.05263157894737
113,4.4444444444444455,19.607843137254903,0.0,4.166666666666666,4.166666666666666
114,0.0,0.0,0.0,0.0,0.0
115,43.47826086956522,42.10526315789473,42.10526315789473,21.052631578947366,43.47826086956522
116,9.09090909090909,15.384615384615385,25.0,32.0,18.18181818181818
117,0.0,0.0,0.0,26.666666666666668,26.666666666666668
118,7.692307692307692,0.0,44.44444444444444,0.0,15.384615384615385
119,40.86021505376344,19.35483870967742,8.450704225352112,37.73584905660377,32.07547169811321
120,58.06451612903225,46.666666666666664,45.16129032258064,58.06451612903225,58.06451612903225
121,26.08695652173913,8.695652173913041,8.695652173913041,26.08695652173913,24.999999999999993
122,14.285714285714288,0.0,0.0,0.0,14.285714285714288
123,25.0,14.285714285714288,25.0,0.0,0.0
124,60.0,0.0,20.000000000000004,42.10526315789474,42.10526315789474
125,32.0,64.28571428571429,40.0,32.0,32.0
126,33.33333333333333,10.0,10.0,33.33333333333333,33.33333333333333
127,58.333333333333336,21.428571428571427,27.27272727272727,58.333333333333336,57.14285714285713
128,36.36363636363637,0.0,13.333333333333334,25.0,25.0
129,45.45454545454546,35.294117647058826,47.05882352941176,45.45454545454546,62.500000000000014
130,30.0,63.1578947368421,22.22222222222222,52.63157894736842,33.33333333333333
131,40.00000000000001,21.81818181818182,18.867924528301888,32.35294117647059,39.43661971830986
132,0.0,31.57894736842105,38.09523809523809,0.0,0.0
133,29.629629629629626,18.750000000000007,16.0,29.411764705882355,30.303030303030297
134,25.0,6.25,0.0,19.354838709677416,25.0
135,27.586206896551722,10.810810810810812,12.121212121212123,27.586206896551722,27.586206896551722
136,41.269841269841265,23.52941176470588,20.895522388059707,29.03225806451613,35.483870967741936
137,30.303030303030305,26.086956521739125,25.80645161290323,33.33333333333333,25.0
138,58.82352941176471,35.294117647058826,11.76470588235294,58.82352941176471,64.0
139,59.45945945945945,45.0,50.0,74.4186046511628,74.4186046511628
140,66.66666666666666,66.66666666666666,66.66666666666666,100.0,100.0
141,3.571428571428572,10.344827586206897,3.508771929824561,3.448275862068965,14.545454545454545
142,8.0,25.0,9.523809523809524,8.0,8.0
143,80.0,56.00000000000001,72.22222222222221,80.0,80.0
144,66.66666666666666,41.66666666666667,41.66666666666667,62.06896551724138,66.66666666666666
145,15.384615384615385,0.0,9.090909090909092,25.0,15.384615384615385
146,41.02564102564103,31.11111111111111,27.27272727272728,43.47826086956522,60.8695652173913
147,6.153846153846153,12.765957446808512,17.39130434782609,7.017543859649121,18.18181818181818
148,34.782608695652165,38.0952380952381,10.0,34.782608695652165,33.333333333333336
149,50.98039215686274,11.538461538461538,37.735849056603776,50.98039215686274,42.30769230769231
150,57.14285714285714,57.14285714285714,57.14285714285714,76.92307692307692,57.14285714285714
151,21.428571428571427,21.05263157894737,0.0,40.0,21.428571428571427
152,23.728813559322035,20.51282051282051,0.0,18.51851851851852,25.454545454545457
153,16.0,23.52941176470588,12.121212121212123,16.0,18.181818181818183
154,14.285714285714285,8.695652173913041,0.0,37.2093023255814,14.285714285714285
155,11.904761904761905,0.0,7.5,18.750000000000007,14.893617021276595
156,75.0,50.0,100.0,75.0,75.0
157,13.483146067415733,27.027027027027028,12.5,23.91304347826087,20.454545454545453
158,28.57142857142857,35.29411764705882,11.76470588235294,28.57142857142857,44.44444444444445
159,0.0,0.0,0.0,0.0,0.0
160,0.0,20.0,0.0,0.0,0.0
161,34.78260869565218,23.52941176470588,15.999999999999998,53.333333333333336,34.78260869565218
162,16.0,16.0,16.0,16.0,16.0
163,16.666666666666664,61.53846153846153,61.53846153846153,16.666666666666664,16.666666666666664
164,22.857142857142858,12.765957446808512,14.285714285714285,17.391304347826082,22.857142857142858
165,19.047619047619047,12.5,12.5,13.636363636363635,13.636363636363635
166,0.0,5.882352941176471,16.216216216216214,10.0,0.0
167,0.0,0.0,8.333333333333332,0.0,0.0
168,17.64705882352941,10.0,20.0,5.882352941176471,25.641025641025646
169,7.407407407407406,0.0,3.389830508474576,12.5,12.82051282051282
170,36.36363636363636,38.88888888888889,10.526315789473683,28.57142857142857,40.0
171,47.36842105263158,0.0,35.294117647058826,47.36842105263158,50.57471264367817
172,70.58823529411765,43.47826086956522,47.61904761904762,58.82352941176471,63.1578947368421
173,20.0,22.857142857142854,9.523809523809524,20.0,22.72727272727273
174,60.86956521739131,43.47826086956522,43.47826086956522,60.86956521739131,60.86956521739131
175,100.0,44.44444444444445,12.5,100.0,100.0
176,30.0,31.57894736842105,31.57894736842105,30.0,28.57142857142857
177,0.0,0.0,0.0,0.0,0.0
178,0.0,0.0,0.0,0.0,0.0
179,15.686274509803921,10.810810810810812,27.27272727272727,15.686274509803921,11.320754716981133
180,0.0,25.806451612903224,14.285714285714288,23.076923076923077,23.076923076923077
181,9.75609756097561,9.302325581395348,3.773584905660378,9.836065573770494,9.75609756097561
182,0.0,0.0,0.0,0.0,4.25531914893617
183,19.35483870967742,25.80645161290322,18.75,20.0,22.22222222222222
184,57.14285714285715,27.58620689655172,51.61290322580646,9.090909090909092,41.02564102564102
185,22.222222222222225,12.5,12.5,22.222222222222225,22.222222222222225
186,13.793103448275861,10.000000000000002,9.523809523809524,13.793103448275861,13.793103448275861
187,29.629629629629626,9.30232558139535,9.523809523809524,9.523809523809524,23.52941176470588
188,34.28571428571429,0.0,0.0,26.31578947368421,26.31578947368421
189,55.55555555555556,62.5,0.0,100.0,75.0
190,12.5,0.0,0.0,12.5,12.5
191,17.391304347826082,13.793103448275861,7.6923076923076925,34.782608695652165,12.5
192,28.57142857142857,9.09090909090909,18.18181818181818,28.57142857142857,28.57142857142857
193,15.789473684210526,13.636363636363635,15.789473684210526,8.823529411764705,9.23076923076923
194,10.526315789473683,0.0,5.555555555555555,0.0,4.166666666666666
195,5.882352941176471,0.0,0.0,0.0,0.0
196,25.0,14.285714285714285,12.903225806451612,17.647058823529413,17.647058823529413
197,0.0,0.0,20.0,21.428571428571427,22.222222222222225
198,22.222222222222225,38.46153846153847,38.46153846153847,22.222222222222225,22.222222222222225
199,100.0,57.14285714285715,0.0,100.0,57.14285714285715
200,6.060606060606061,5.882352941176471,6.896551724137931,30.303030303030305,36.36363636363637
201,32.14285714285714,52.17391304347826,24.390243902439025,17.24137931034483,38.297872340425535
202,16.3265306122449,17.39130434782609,15.384615384615385,16.3265306122449,13.79310344827586
203,28.57142857142857,22.22222222222222,18.75,20.689655172413797,26.31578947368421
204,6.060606060606061,5.7142857142857135,5.633802816901409,19.444444444444446,21.17647058823529
205,20.000000000000004,28.57142857142857,10.526315789473683,14.634146341463413,12.5
206,44.44444444444445,26.923076923076923,23.25581395348837,38.297872340425535,44.89795918367347
207,33.33333333333333,25.925925925925924,33.33333333333333,33.33333333333333,33.33333333333333
208,18.181818181818183,9.836065573770494,14.92537313432836,10.714285714285712,10.714285714285712
209,0.0,10.0,11.11111111111111,0.0,0.0
210,25.64102564102564,25.64102564102564,28.57142857142857,20.51282051282051,25.64102564102564
211,33.333333333333336,33.33333333333333,31.57894736842105,33.333333333333336,38.0952380952381
212,37.5,37.5,35.294117647058826,37.5,37.5
213,23.076923076923077,60.0,60.0,42.857142857142854,23.076923076923077
214,46.15384615384615,24.999999999999993,17.391304347826082,50.0,38.46153846153846
215,0.0,9.090909090909092,14.285714285714288,0.0,4.444444444444444
216,17.647058823529413,31.57894736842105,12.244897959183673,16.129032258064516,17.857142857142854
217,19.354838709677416,6.451612903225806,6.451612903225806,12.121212121212125,5.0
218,0.0,0.0,0.0,0.0,0.0
219,53.84615384615385,13.333333333333334,35.714285714285715,53.84615384615385,53.84615384615385
220,16.326530612244895,15.384615384615389,26.666666666666668,3.8461538461538463,32.727272727272734
221,76.92307692307692,24.0,76.92307692307692,76.92307692307692,76.92307692307692
222,17.391304347826082,15.625,7.142857142857142,19.35483870967742,14.814814814814813
223,64.0,60.86956521739131,25.53191489361702,68.0,64.0
224,63.99999999999999,48.0,63.99999999999999,63.99999999999999,63.99999999999999
225,0.0,0.0,0.0,0.0,0.0
226,0.0,0.0,0.0,0.0,0.0
227,25.80645161290322,6.896551724137931,0.0,25.80645161290322,25.80645161290322
228,61.11111111111113,37.500000000000014,50.0,57.14285714285715,61.11111111111113
229,5.555555555555555,5.0,11.764705882352942,5.555555555555555,5.0
230,71.42857142857143,46.15384615384615,71.42857142857143,71.42857142857143,71.42857142857143
231,0.0,0.0,0.0,0.0,0.0
232,7.142857142857142,6.06060606060606,6.25,14.285714285714285,7.142857142857142
233,28.57142857142857,28.57142857142857,25.0,28.57142857142857,28.57142857142857
234,9.090909090909092,19.04761904761905,42.10526315789473,0.0,0.0
235,0.0,25.0,0.0,0.0,0.0
236,16.39344262295082,11.76470588235294,21.91780821917808,16.949152542372886,16.39344262295082
237,31.57894736842105,35.89743589743589,16.666666666666668,47.36842105263157,47.36842105263157
238,16.326530612244895,30.43478260869565,17.02127659574468,17.857142857142854,21.27659574468085
239,16.0,0.0,0.0,21.05263157894737,18.181818181818183
240,35.714285714285715,20.689655172413797,34.48275862068966,35.714285714285715,33.333333333333336
241,0.0,0.0,0.0,0.0,0.0
242,58.06451612903225,80.0,82.75862068965517,61.111111111111114,70.96774193548386
243,24.09638554216868,7.4074074074074066,11.267605633802814,11.940298507462686,38.55421686746988
244,42.10526315789474,87.50000000000001,87.50000000000001,73.68421052631578,42.10526315789474
245,42.10526315789474,20.0,36.36363636363636,42.10526315789474,21.05263157894737
246,0.0,0.0,0.0,0.0,0.0
247,23.25581395348837,23.25581395348837,23.25581395348837,15.000000000000002,14.634146341463413
248,27.27272727272727,42.10526315789474,44.44444444444444,28.571428571428566,24.999999999999993
249,35.29411764705882,21.05263157894737,24.999999999999993,35.29411764705882,35.29411764705882
250,9.523809523809524,0.0,0.0,34.782608695652165,0.0
251,57.14285714285713,85.71428571428572,35.29411764705882,85.71428571428572,85.71428571428572
252,27.27272727272728,43.24324324324325,10.810810810810812,27.27272727272728,27.27272727272728
253,0.0,7.142857142857142,13.333333333333334,0.0,7.142857142857142
254,51.61290322580646,4.0,0.0,3.7037037037037033,3.8461538461538463
255,32.43243243243243,40.0,0.0,34.48275862068966,23.52941176470588
256,31.25,20.0,16.39344262295082,26.22950819672131,22.222222222222214
257,3.7735849056603774,13.333333333333334,14.705882352941174,3.7735849056603774,15.094339622641506
258,31.57894736842105,42.10526315789474,23.52941176470588,38.0952380952381,38.0952380952381
259,14.285714285714285,15.384615384615385,31.578947368421055,30.43478260869565,25.531914893617024
260,37.03703703703704,34.04255319148936,15.000000000000002,31.818181818181817,40.740740740740726
261,100.0,74.99999999999999,74.99999999999999,74.99999999999999,100.0
262,29.268292682926827,18.6046511627907,24.0,29.268292682926827,33.9622641509434
263,29.50819672131147,68.29268292682927,35.0,24.137931034482758,37.03703703703704
264,53.84615384615385,40.0,53.84615384615385,38.46153846153846,44.44444444444445
265,28.57142857142857,8.333333333333332,8.0,27.58620689655172,28.57142857142857
266,23.728813559322035,13.333333333333334,32.6530612244898,25.352112676056343,11.594202898550725
267,21.428571428571427,30.0,20.0,22.22222222222222,0.0
268,60.8695652173913,9.523809523809524,9.523809523809524,60.8695652173913,60.8695652173913
269,5.405405405405406,14.285714285714288,0.0,9.090909090909092,6.666666666666668
270,29.7872340425532,45.454545454545446,45.0,27.906976744186053,29.268292682926827
271,48.0,35.71428571428571,35.71428571428571,59.25925925925925,59.25925925925925
272,0.0,0.0,0.0,9.090909090909092,0.0
273,10.000000000000002,25.0,0.0,0.0,0.0
274,27.906976744186053,38.09523809523809,27.77777777777778,27.906976744186053,45.454545454545446
275,42.10526315789474,11.11111111111111,0.0,42.10526315789474,42.10526315789474
276,11.111111111111112,0.0,10.526315789473683,21.05263157894737,12.5
277,42.10526315789474,12.307692307692307,20.58823529411765,27.906976744186053,43.47826086956522
278,31.57894736842105,0.0,0.0,84.21052631578948,84.21052631578948
279,28.57142857142857,43.137254901960794,44.827586206896555,28.57142857142857,29.09090909090909
280,13.333333333333334,0.0,0.0,13.333333333333334,13.333333333333334
281,0.0,12.5,0.0,0.0,0.0
282,27.27272727272727,3.8461538461538463,3.8461538461538463,19.354838709677416,26.47058823529412
283,6.25,0.0,0.0,9.523809523809524,12.121212121212123
284,21.81818181818182,4.0,21.73913043478261,22.727272727272723,17.241379310344826
285,18.181818181818183,16.666666666666664,11.11111111111111,5.555555555555555,5.555555555555555
286,6.451612903225806,4.761904761904763,0.0,17.142857142857146,22.857142857142854
287,20.51282051282051,3.389830508474576,17.391304347826082,7.792207792207792,10.0
288,0.0,0.0,0.0,0.0,0.0
289,5.0,4.545454545454546,0.0,11.320754716981133,4.166666666666667
290,23.80952380952381,20.689655172413797,13.793103448275861,0.0,23.80952380952381
291,30.508474576271183,23.333333333333332,24.56140350877193,33.89830508474576,10.0
292,12.5,8.333333333333332,11.111111111111112,12.5,12.5
293,0.0,0.0,0.0,0.0,0.0
294,40.00000000000001,41.379310344827594,32.0,26.666666666666668,46.666666666666664
295,100.0,58.82352941176471,82.3529411764706,100.0,100.0
296,40.579710144927525,15.384615384615385,16.666666666666664,44.11764705882353,37.68115942028986
297,10.526315789473683,0.0,5.88235294117647,10.526315789473683,10.526315789473683
298,40.0,0.0,10.0,21.428571428571427,45.454545454545446
299,17.777777777777775,16.666666666666664,17.54385964912281,23.25581395348837,22.22222222222222
300,26.08695652173913,57.14285714285715,100.0,31.57894736842105,22.222222222222225
301,5.555555555555555,0.0,0.0,5.555555555555555,20.40816326530613
302,27.184466019417474,14.814814814814811,10.526315789473681,20.2247191011236,13.333333333333334
303,30.769230769230766,27.027027027027028,27.027027027027028,30.769230769230766,26.923076923076923
304,46.15384615384616,18.51851851851852,37.73584905660377,47.36842105263158,55.99999999999999
305,71.99999999999999,72.72727272727272,72.72727272727272,83.33333333333334,71.99999999999999
306,55.31914893617022,18.75,18.75,55.31914893617022,55.31914893617022
307,10.526315789473683,0.0,25.0,12.5,12.5
308,7.547169811320755,3.389830508474576,0.0,4.4444444444444455,7.547169811320755
309,19.51219512195122,5.797101449275361,0.0,5.797101449275361,21.428571428571427
310,36.84210526315789,0.0,7.142857142857142,6.666666666666668,37.5
311,4.878048780487805,0.0,7.4074074074074066,8.0,4.878048780487805
312,37.5,35.294117647058826,35.294117647058826,28.57142857142857,30.0
313,27.906976744186053,26.666666666666668,26.086956521739125,27.906976744186053,27.906976744186053
314,0.0,26.08695652173913,26.08695652173913,64.28571428571429,64.28571428571429
315,4.3478260869565215,14.634146341463413,16.666666666666664,12.121212121212123,13.043478260869565
316,36.84210526315789,25.0,6.25,16.666666666666664,33.33333333333333
317,19.04761904761905,10.000000000000002,8.0,21.05263157894737,25.0
318,0.0,0.0,0.0,0.0,19.354838709677423
319,15.384615384615385,66.66666666666666,66.66666666666666,15.384615384615385,15.384615384615385
320,10.526315789473683,29.268292682926834,29.411764705882348,10.526315789473683,10.526315789473683
321,34.48275862068966,40.0,40.0,36.36363636363637,34.48275862068966
322,12.121212121212123,14.814814814814813,8.0,12.121212121212123,12.121212121212123
323,80.0,42.10526315789474,44.44444444444445,80.0,80.0
324,0.0,10.526315789473683,10.81081081081081,0.0,0.0
325,0.0,27.27272727272727,0.0,0.0,0.0
326,25.0,10.0,0.0,25.0,16.0
327,66.66666666666667,38.46153846153846,41.66666666666666,33.33333333333333,69.23076923076924
328,50.0,28.57142857142857,42.857142857142854,50.0,50.0
329,20.408163265306126,21.428571428571427,12.500000000000005,25.0,20.408163265306126
330,47.45762711864408,23.07692307692308,22.22222222222222,43.33333333333333,52.459016393442624
331,9.523809523809524,0.0,0.0,0.0,8.333333333333332
332,33.33333333333333,20.0,20.0,23.52941176470588,33.33333333333333
333,5.882352941176471,12.90322580645161,6.250000000000002,10.810810810810812,14.285714285714288
334,24.137931034482758,28.57142857142857,15.789473684210526,20.0,24.56140350877193
335,35.29411764705882,35.29411764705882,0.0,73.68421052631578,73.68421052631578
336,25.806451612903224,5.714285714285714,13.793103448275865,29.629629629629633,37.03703703703704
337,43.137254901960794,32.6530612244898,42.5531914893617,46.15384615384615,38.46153846153846
338,70.0,20.000000000000004,16.0,66.66666666666666,80.00000000000001
339,55.00000000000001,30.0,30.0,45.0,43.90243902439024
340,4.878048780487805,20.0,9.09090909090909,13.333333333333334,19.354838709677416
341,61.53846153846153,60.86956521739131,52.63157894736842,40.0,78.2608695652174
342,3.389830508474576,3.7037037037037033,5.555555555555555,0.0,6.557377049180327
343,11.76470588235294,0.0,0.0,0.0,0.0
344,9.30232558139535,11.428571428571429,21.621621621621625,13.953488372093027,20.51282051282051
345,35.294117647058826,10.526315789473683,10.526315789473683,35.294117647058826,35.294117647058826
346,16.0,0.0,0.0,16.0,16.0
347,66.66666666666666,66.66666666666666,37.5,50.0,37.5
348,28.57142857142857,18.181818181818183,18.181818181818183,43.47826086956522,33.333333333333336
349,45.454545454545446,35.294117647058826,36.36363636363636,45.454545454545446,34.782608695652165
350,5.333333333333334,8.450704225352112,0.0,10.256410256410255,7.894736842105263
351,14.285714285714285,5.882352941176471,5.882352941176471,18.51851851851852,23.80952380952381
352,17.391304347826082,7.4074074074074066,29.411764705882348,50.0,50.0
353,27.906976744186053,9.75609756097561,18.604651162790695,0.0,27.906976744186053
354,0.0,5.882352941176471,0.0,0.0,0.0
355,18.181818181818183,18.181818181818183,0.0,18.181818181818183,42.857142857142854
356,40.0,0.0,0.0,33.33333333333333,33.33333333333333
357,42.30769230769231,21.27659574468085,33.33333333333333,44.000000000000014,26.229508196721312
358,35.897435897435905,25.0,34.28571428571429,35.897435897435905,22.22222222222222
359,9.375,7.547169811320753,3.921568627450981,23.728813559322035,31.578947368421055
360,23.076923076923077,41.66666666666667,53.846153846153854,22.222222222222225,60.0
361,57.77777777777777,24.390243902439025,22.222222222222225,30.303030303030297,24.390243902439025
362,34.782608695652165,8.0,8.333333333333332,30.76923076923077,0.0
363,19.512195121951216,21.428571428571427,24.000000000000004,36.36363636363636,21.62162162162162
364,28.57142857142857,30.769230769230766,28.57142857142857,28.57142857142857,28.57142857142857
365,5.263157894736841,20.000000000000004,7.142857142857142,33.33333333333333,21.621621621621625
366,7.4074074074074066,7.142857142857142,0.0,24.242424242424246,8.333333333333332
367,0.0,0.0,0.0,30.769230769230766,0.0
368,46.15384615384615,11.11111111111111,15.384615384615385,11.11111111111111,20.0
369,0.0,42.857142857142854,0.0,42.857142857142854,0.0
370,14.457831325301203,0.0,10.95890410958904,19.17808219178082,22.72727272727273
371,4.166666666666666,7.4074074074074066,4.25531914893617,5.2631578947368425,5.2631578947368425
372,38.46153846153846,9.302325581395348,8.695652173913045,36.00000000000001,32.786885245901644
373,31.57894736842105,50.0,50.0,50.0,50.0
374,33.33333333333333,0.0,6.666666666666668,35.0,33.68421052631579
375,41.66666666666667,0.0,0.0,41.66666666666667,41.66666666666667
376,45.6140350877193,20.8955223880597,15.384615384615385,41.379310344827594,45.90163934426229
377,25.00000000000001,12.500000000000005,11.11111111111111,23.529411764705884,25.00000000000001
378,15.384615384615385,0.0,0.0,17.39130434782609,15.384615384615385
379,38.0952380952381,58.82352941176471,47.61904761904762,38.0952380952381,38.0952380952381
380,36.00000000000001,17.857142857142858,14.545454545454545,21.21212121212121,29.629629629629633
381,25.0,44.44444444444444,44.44444444444444,25.0,25.0
382,12.5,6.25,12.5,6.25,6.25
383,26.666666666666668,6.896551724137931,20.0,24.24242424242425,26.666666666666668
384,44.44444444444445,66.66666666666666,66.66666666666666,35.714285714285715,35.714285714285715
385,47.05882352941176,28.57142857142857,28.57142857142857,47.05882352941176,47.05882352941176
386,45.71428571428571,10.810810810810812,14.285714285714285,43.75,43.75
387,37.83783783783784,15.384615384615385,22.222222222222214,36.36363636363636,35.555555555555564
388,12.500000000000005,12.244897959183673,19.607843137254903,20.83333333333333,20.83333333333333
389,40.54054054054055,18.75,26.923076923076927,16.129032258064516,30.303030303030305
390,22.641509433962266,19.04761904761905,14.084507042253522,30.508474576271187,30.508474576271187
391,11.76470588235294,27.027027027027025,26.31578947368421,7.4074074074074066,11.76470588235294
392,33.333333333333336,33.333333333333336,11.11111111111111,33.333333333333336,33.333333333333336
393,25.0,66.66666666666666,25.0,66.66666666666666,25.0
394,33.9622641509434,21.621621621621625,31.57894736842105,32.6530612244898,33.89830508474576
395,29.411764705882355,22.22222222222222,0.0,0.0,29.411764705882355
396,6.060606060606061,0.0,8.695652173913041,9.523809523809524,5.128205128205128
397,30.769230769230766,21.538461538461533,22.58064516129032,29.03225806451613,11.320754716981135
398,15.384615384615389,5.555555555555555,0.0,51.162790697674424,29.268292682926834
399,0.0,0.0,0.0,0.0,0.0
400,8.0,3.0769230769230766,25.80645161290323,11.76470588235294,5.7142857142857135
401,43.47826086956522,43.47826086956522,43.47826086956522,43.47826086956522,43.47826086956522
402,8.333333333333332,8.333333333333332,0.0,7.692307692307692,11.11111111111111
403,20.000000000000004,22.222222222222225,0.0,20.000000000000004,0.0
404,33.33333333333333,11.76470588235294,20.833333333333332,33.33333333333333,33.33333333333333
405,31.818181818181817,4.4444444444444455,29.78723404255319,13.636363636363635,13.636363636363635
406,38.88888888888889,5.555555555555555,22.85714285714285,27.90697674418604,27.90697674418604
407,35.71428571428571,24.0,48.0,41.379310344827594,18.604651162790695
408,28.57142857142857,25.0,20.0,25.0,25.0
409,20.689655172413797,10.526315789473683,0.0,14.285714285714285,0.0
410,81.81818181818183,20.0,44.44444444444444,81.81818181818183,81.81818181818183
411,0.0,6.896551724137931,0.0,0.0,0.0
412,50.0,50.0,50.0,50.0,50.0
413,19.607843137254903,0.0,15.384615384615385,19.607843137254903,19.607843137254903
414,27.27272727272727,13.333333333333334,13.333333333333334,37.5,24.999999999999993
415,21.91780821917808,20.58823529411765,18.666666666666664,37.62376237623762,25.0
416,27.027027027027028,11.76470588235294,27.027027027027028,27.027027027027028,4.878048780487805
417,34.48275862068966,22.22222222222222,34.48275862068966,34.48275862068966,26.08695652173913
418,54.545454545454554,19.04761904761905,26.08695652173913,16.666666666666668,37.5
419,0.0,0.0,0.0,0.0,0.0
420,15.686274509803921,26.31578947368421,28.57142857142857,19.23076923076923,26.08695652173913
421,13.333333333333334,5.128205128205128,8.888888888888888,13.636363636363638,13.333333333333334
422,17.647058823529413,11.428571428571427,17.647058823529413,15.0,18.18181818181818
423,16.666666666666664,17.647058823529413,25.0,13.95348837209302,23.80952380952381
424,0.0,7.142857142857142,0.0,30.0,30.0
425,28.57142857142857,14.634146341463413,40.9090909090909,45.454545454545446,28.57142857142857
426,22.535211267605636,4.878048780487805,5.555555555555555,18.18181818181818,11.320754716981133
427,26.08695652173913,20.0,66.66666666666666,83.33333333333334,46.15384615384615
428,8.333333333333332,7.142857142857142,6.060606060606061,18.51851851851852,4.166666666666666
429,12.698412698412698,10.95890410958904,12.903225806451612,20.895522388059707,20.895522388059707
430,10.0,10.256410256410255,9.756097560975608,7.59493670886076,10.0
431,15.384615384615385,24.489795918367346,0.0,4.166666666666666,14.814814814814813
432,0.0,0.0,0.0,0.0,0.0
433,25.0,25.0,25.0,25.0,25.0
434,43.47826086956522,23.52941176470588,15.384615384615385,43.47826086956522,43.47826086956522
435,0.0,0.0,0.0,0.0,0.0
436,12.5,7.142857142857144,7.142857142857144,12.903225806451616,10.256410256410255
437,16.666666666666664,16.666666666666664,8.695652173913045,16.666666666666664,7.999999999999999
438,25.0,0.0,0.0,25.0,31.11111111111111
439,15.094339622641511,0.0,0.0,15.384615384615385,20.40816326530612
440,28.57142857142857,27.586206896551722,28.57142857142857,29.629629629629633,29.629629629629633
441,50.0,10.0,47.61904761904762,50.0,50.0
442,7.6923076923076925,0.0,0.0,7.142857142857142,7.142857142857142
443,9.090909090909092,0.0,0.0,9.090909090909092,9.090909090909092
444,16.666666666666664,23.52941176470588,8.695652173913041,8.0,45.454545454545446
445,29.09090909090909,12.500000000000005,4.761904761904761,29.09090909090909,29.09090909090909
446,14.925373134328353,21.428571428571434,13.559322033898303,18.42105263157895,15.625
447,21.62162162162162,36.36363636363637,20.0,11.428571428571427,11.428571428571427
448,19.047619047619044,4.444444444444444,15.0,19.047619047619044,9.302325581395348
449,38.46153846153846,38.46153846153846,51.85185185185186,46.15384615384615,38.46153846153846
450,25.71428571428572,16.3265306122449,11.764705882352942,25.71428571428572,25.71428571428572
451,0.0,18.18181818181818,18.18181818181818,0.0,0.0
452,42.10526315789474,25.0,25.0,35.294117647058826,42.10526315789474
453,27.586206896551722,26.666666666666668,26.666666666666668,13.793103448275861,27.586206896551722
454,16.666666666666664,14.814814814814813,20.000000000000004,14.814814814814813,25.80645161290323
455,6.060606060606061,6.666666666666668,7.4074074074074066,6.060606060606061,6.060606060606061
456,18.181818181818183,4.651162790697674,4.545454545454545,20.83333333333333,21.27659574468085
457,5.882352941176471,5.882352941176471,0.0,5.882352941176471,5.882352941176471
458,17.02127659574468,4.545454545454546,13.953488372093027,25.641025641025646,34.04255319148936
459,26.08695652173913,0.0,22.727272727272723,23.333333333333332,26.08695652173913
460,90.90909090909092,90.90909090909092,72.72727272727273,100.0,100.0
461,53.333333333333336,57.77777777777777,57.77777777777777,42.10526315789473,53.06122448979592
462,42.42424242424242,8.333333333333332,0.0,8.333333333333332,21.428571428571427
463,0.0,13.33333333333333,6.451612903225806,6.451612903225806,13.333333333333334
464,26.666666666666668,9.523809523809524,22.72727272727273,22.72727272727273,26.666666666666668
465,38.46153846153847,42.10526315789473,33.333333333333336,53.84615384615385,53.84615384615385
466,32.0,16.666666666666664,33.33333333333333,3.314917127071823,7.4074074074074066
467,25.0,27.027027027027025,0.0,15.384615384615385,32.0
468,37.5,10.526315789473683,14.634146341463413,33.33333333333333,33.33333333333333
469,73.68421052631578,50.0,64.70588235294117,64.70588235294117,76.47058823529413
470,29.166666666666668,0.0,5.405405405405406,21.27659574468085,22.72727272727273
471,44.44444444444445,0.0,18.18181818181818,50.0,41.66666666666666
472,10.0,0.0,11.111111111111112,10.256410256410255,9.756097560975608
473,29.629629629629626,7.692307692307692,0.0,14.814814814814813,24.0
474,66.66666666666666,20.0,20.0,48.275862068965516,44.44444444444445
475,9.523809523809524,8.0,7.6923076923076925,10.0,7.4074074074074066
476,15.384615384615385,3.1746031746031744,17.02127659574468,12.244897959183673,17.02127659574468
477,48.14814814814815,10.526315789473683,5.555555555555555,34.28571428571429,34.28571428571429
478,20.408163265306126,17.77777777777778,37.5,41.66666666666667,41.66666666666667
479,7.6923076923076925,0.0,0.0,7.6923076923076925,7.6923076923076925
480,13.513513513513514,13.157894736842104,18.666666666666668,14.492753623188406,14.492753623188406
481,31.11111111111111,26.08695652173913,43.47826086956522,31.11111111111111,29.7872340425532
482,57.89473684210527,45.71428571428571,68.57142857142857,57.89473684210527,57.89473684210527
483,25.00000000000001,18.18181818181818,5.2631578947368425,11.428571428571429,25.0
484,23.52941176470588,0.0,22.85714285714285,11.76470588235294,23.52941176470588
485,27.58620689655173,34.48275862068966,34.48275862068966,52.94117647058824,27.58620689655173
486,33.33333333333333,0.0,22.22222222222222,33.33333333333333,33.33333333333333
487,0.0,0.0,0.0,0.0,15.384615384615385
488,30.0,30.0,30.0,30.0,30.0
489,30.769230769230766,50.0,33.33333333333333,30.769230769230766,30.769230769230766
490,10.0,28.57142857142857,0.0,12.5,0.0
491,27.692307692307693,21.428571428571434,11.320754716981135,37.83783783783785,9.090909090909092
492,25.806451612903224,31.25,31.25,44.44444444444444,25.806451612903224
493,21.428571428571427,23.076923076923077,23.076923076923077,21.428571428571427,32.25806451612903
494,0.0,0.0,0.0,0.0,0.0
495,21.73913043478261,2.380952380952381,2.3529411764705883,24.09638554216868,19.753086419753085
496,31.57894736842105,9.523809523809524,10.526315789473681,21.052631578947363,6.25
497,0.0,36.36363636363636,0.0,0.0,0.0
498,8.88888888888889,8.695652173913041,0.0,10.714285714285714,8.88888888888889
499,10.526315789473683,24.24242424242425,57.89473684210527,11.111111111111112,10.526315789473683
500,34.14634146341464,5.882352941176471,0.0,20.0,20.0
501,37.03703703703703,12.500000000000005,16.666666666666664,41.50943396226415,37.2093023255814
502,18.867924528301884,17.857142857142858,11.999999999999998,14.92537313432836,29.85074626865672
503,35.714285714285715,31.999999999999996,7.4074074074074066,35.714285714285715,35.714285714285715
504,0.0,0.0,0.0,0.0,0.0
505,31.57894736842105,40.0,30.769230769230766,14.285714285714285,25.0
506,39.53488372093023,13.793103448275861,33.84615384615385,39.47368421052632,41.02564102564102
507,6.06060606060606,6.06060606060606,7.692307692307692,0.0,6.06060606060606
508,50.0,20.000000000000004,21.05263157894737,44.44444444444445,44.44444444444445
509,6.25,0.0,6.451612903225806,6.25,6.060606060606061
510,28.57142857142857,28.57142857142857,28.57142857142857,30.76923076923077,28.57142857142857
511,14.285714285714285,40.0,40.0,14.285714285714285,14.285714285714285
512,36.36363636363637,27.27272727272727,36.36363636363637,27.27272727272727,27.27272727272727
513,57.14285714285713,47.61904761904762,57.14285714285713,52.17391304347826,57.14285714285713
514,23.076923076923077,14.285714285714288,28.57142857142857,21.428571428571427,23.076923076923077
515,12.5,0.0,0.0,12.5,12.121212121212125
516,35.29411764705882,35.29411764705882,35.29411764705882,35.29411764705882,31.57894736842105
517,19.04761904761905,0.0,0.0,20.0,19.04761904761905
518,51.85185185185185,0.0,5.7142857142857135,63.41463414634146,64.70588235294117
519,18.604651162790695,11.111111111111112,10.0,10.810810810810812,23.25581395348837
520,40.0,100.0,40.0,100.0,40.0
521,0.0,0.0,0.0,0.0,0.0
522,12.121212121212123,0.0,0.0,6.451612903225806,6.451612903225806
523,47.36842105263157,16.666666666666664,33.333333333333336,24.242424242424246,41.66666666666667
524,7.4074074074074066,16.0,27.27272727272727,6.451612903225808,6.451612903225808
525,8.695652173913045,16.666666666666668,8.333333333333334,18.181818181818183,17.39130434782609
526,17.777777777777775,33.333333333333336,33.33333333333333,14.285714285714288,0.0
527,0.0,0.0,0.0,52.63157894736842,52.63157894736842
528,38.09523809523809,38.09523809523809,44.44444444444444,38.09523809523809,14.285714285714288
529,16.326530612244895,17.391304347826082,4.878048780487805,16.326530612244895,16.326530612244895
530,23.728813559322035,4.4444444444444455,0.0,31.746031746031743,31.746031746031743
531,21.359223300970875,0.0,5.882352941176471,9.090909090909092,21.27659574468085
532,0.0,8.0,9.523809523809524,0.0,0.0
533,93.33333333333333,100.0,93.33333333333333,100.0,100.0
534,16.3265306122449,15.384615384615385,0.0,15.789473684210527,31.578947368421055
535,61.53846153846153,61.53846153846153,61.53846153846153,61.53846153846153,61.53846153846153
536,22.22222222222222,22.22222222222222,44.44444444444444,44.44444444444444,77.77777777777779
537,22.222222222222225,13.793103448275861,7.4074074074074066,14.285714285714285,15.384615384615385
538,38.70967741935484,16.666666666666668,16.0,38.46153846153847,37.5
539,14.285714285714283,5.555555555555555,0.0,14.285714285714283,32.432432432432435
540,3.7735849056603774,0.0,7.142857142857144,4.081632653061225,3.2786885245901636
541,7.142857142857144,5.555555555555555,5.263157894736842,39.2156862745098,7.142857142857144
542,34.14634146341463,32.43243243243243,11.764705882352942,33.33333333333333,48.64864864864865
543,55.319148936170215,20.0,19.607843137254903,36.734693877551024,36.734693877551024
544,35.294117647058826,0.0,35.294117647058826,11.76470588235294,12.5
545,40.0,33.33333333333333,51.42857142857144,39.02439024390244,36.84210526315789
546,11.11111111111111,10.526315789473683,9.090909090909092,11.11111111111111,11.11111111111111
547,22.222222222222225,20.0,0.0,40.0,40.0
548,18.181818181818183,25.80645161290323,25.80645161290323,18.181818181818183,18.181818181818183
549,11.11111111111111,11.11111111111111,10.0,11.11111111111111,8.695652173913041
550,0.0,0.0,9.523809523809524,53.333333333333336,53.333333333333336
551,75.0,75.0,50.0,100.0,50.0
552,10.344827586206897,10.90909090909091,26.666666666666668,27.500000000000004,27.160493827160497
553,15.384615384615385,0.0,0.0,0.0,0.0
554,10.256410256410255,0.0,11.11111111111111,5.2631578947368425,5.2631578947368425
555,3.7037037037037033,0.0,0.0,0.0,0.0
556,75.0,75.0,75.0,75.0,75.0
557,10.0,0.0,0.0,10.256410256410255,10.0
558,42.857142857142854,38.88888888888889,38.88888888888889,43.90243902439024,41.860465116279066
559,26.666666666666668,0.0,0.0,61.53846153846154,0.0
560,59.25925925925927,29.629629629629633,44.44444444444445,76.92307692307693,59.25925925925927
561,36.36363636363636,36.36363636363636,36.36363636363636,36.36363636363636,36.36363636363636
562,58.82352941176471,32.25806451612903,0.0,60.60606060606061,47.05882352941176
563,31.57894736842105,36.84210526315789,24.242424242424246,31.57894736842105,31.57894736842105
564,0.0,0.0,0.0,0.0,0.0
565,0.0,0.0,0.0,0.0,0.0
566,40.00000000000001,40.00000000000001,40.00000000000001,40.00000000000001,40.00000000000001
567,25.454545454545453,11.538461538461538,29.166666666666668,24.0,16.0
568,33.33333333333333,0.0,33.33333333333333,33.33333333333333,33.33333333333333
569,66.66666666666666,66.66666666666666,87.5,87.5,87.5
570,37.5,8.695652173913045,8.695652173913045,33.333333333333336,37.5
571,36.36363636363637,17.391304347826082,0.0,36.36363636363637,30.769230769230766
572,30.303030303030305,12.903225806451612,18.75,30.303030303030305,30.303030303030305
573,35.294117647058826,26.666666666666668,18.181818181818183,31.578947368421055,31.372549019607842
574,10.810810810810812,0.0,5.882352941176471,10.526315789473683,10.810810810810812
575,44.44444444444445,5.882352941176471,0.0,52.63157894736842,35.294117647058826
576,38.70967741935484,16.0,40.0,16.666666666666664,16.666666666666664
577,15.0,5.7142857142857135,0.0,13.043478260869565,13.043478260869565
578,18.181818181818183,0.0,22.72727272727273,18.181818181818183,18.181818181818183
579,10.526315789473683,12.5,10.0,10.526315789473683,0.0
580,54.545454545454554,25.806451612903224,37.5,54.545454545454554,54.545454545454554
581,66.66666666666666,40.0,40.0,66.66666666666666,66.66666666666666
582,59.45945945945946,38.88888888888889,32.25806451612903,59.45945945945946,59.45945945945946
583,18.867924528301884,18.867924528301884,25.925925925925924,26.666666666666668,26.41509433962264
584,0.0,8.695652173913041,0.0,0.0,0.0
585,20.000000000000004,25.53191489361702,0.0,15.384615384615385,9.756097560975608
586,27.906976744186053,30.43478260869565,18.18181818181818,27.906976744186053,27.27272727272728
587,8.333333333333332,14.285714285714283,12.244897959183675,25.454545454545453,8.333333333333332
588,14.285714285714283,0.0,0.0,14.285714285714283,21.428571428571434
589,35.897435897435905,31.03448275862069,30.76923076923077,45.6140350877193,36.61971830985915
590,31.57894736842105,27.77777777777778,21.621621621621625,30.0,31.57894736842105
591,47.36842105263158,17.391304347826082,18.75,44.44444444444445,45.454545454545446
592,0.0,0.0,0.0,0.0,0.0
593,27.27272727272728,11.320754716981133,6.896551724137931,26.47058823529412,23.18840579710145
594,0.0,0.0,0.0,0.0,0.0
595,58.82352941176471,47.05882352941176,58.82352941176471,58.82352941176471,58.82352941176471
596,48.48484848484849,34.48275862068966,34.48275862068966,54.54545454545454,48.48484848484849
597,56.00000000000001,30.769230769230766,56.00000000000001,10.526315789473681,56.00000000000001
598,9.090909090909092,0.0,26.08695652173913,9.090909090909092,9.090909090909092
599,0.0,0.0,0.0,0.0,0.0
600,7.6923076923076925,8.0,37.93103448275862,0.0,7.6923076923076925
601,21.05263157894737,0.0,0.0,0.0,21.05263157894737
602,52.63157894736842,0.0,13.333333333333334,31.249999999999993,44.44444444444444
603,100.0,57.14285714285714,57.14285714285714,35.294117647058826,0.0
604,33.33333333333333,10.0,10.0,44.44444444444445,44.44444444444445
605,31.249999999999993,25.806451612903224,26.666666666666668,16.666666666666664,31.249999999999993
606,31.428571428571427,19.444444444444446,13.888888888888888,29.268292682926827,29.268292682926827
607,18.91891891891892,41.17647058823529,27.586206896551722,44.44444444444444,44.44444444444444
608,27.27272727272728,0.0,17.391304347826082,28.57142857142857,28.57142857142857
609,0.0,0.0,0.0,0.0,0.0
610,12.903225806451612,10.81081081081081,6.666666666666668,12.5,12.5
611,0.0,6.25,5.7142857142857135,0.0,0.0
612,20.0,11.11111111111111,5.88235294117647,13.636363636363635,19.04761904761905
613,41.66666666666667,41.66666666666667,41.66666666666667,9.090909090909092,41.66666666666667
614,5.7142857142857135,0.0,0.0,6.060606060606061,11.11111111111111
615,32.25806451612903,30.303030303030297,32.43243243243243,30.769230769230766,30.769230769230766
616,30.769230769230766,17.64705882352941,12.121212121212123,30.769230769230766,32.25806451612903
617,24.137931034482758,7.142857142857144,17.543859649122805,50.602409638554214,40.00000000000001
618,8.333333333333334,13.333333333333334,17.391304347826082,7.142857142857144,7.142857142857144
619,18.181818181818183,25.0,19.607843137254903,18.181818181818183,18.181818181818183
620,26.666666666666668,12.500000000000005,18.18181818181818,13.333333333333334,28.57142857142857
621,13.043478260869563,0.0,4.545454545454545,13.043478260869563,13.043478260869563
622,56.75675675675676,48.0,59.70149253731344,44.11764705882353,57.14285714285714
623,15.384615384615385,19.04761904761905,18.18181818181818,16.0,15.384615384615385
624,20.58823529411765,9.375,0.0,22.580645161290324,18.421052631578945
625,13.636363636363635,16.216216216216214,10.81081081081081,9.09090909090909,4.545454545454545
626,14.705882352941174,7.2727272727272725,10.344827586206899,6.557377049180327,14.084507042253518
627,35.08771929824561,20.0,0.0,47.27272727272727,50.98039215686274
628,15.384615384615385,14.634146341463413,15.0,20.51282051282051,15.384615384615385
629,0.0,13.333333333333334,12.5,0.0,0.0
630,40.0,60.0,21.052631578947366,43.47826086956522,40.0
631,32.25806451612903,23.52941176470588,18.75,32.25806451612903,55.000000000000014
632,54.54545454545454,43.47826086956522,43.47826086956522,54.54545454545454,54.54545454545454
633,22.22222222222222,15.384615384615385,15.384615384615385,12.5,20.689655172413797
634,15.384615384615385,14.814814814814813,15.384615384615385,14.035087719298245,15.384615384615385
635,37.2093023255814,0.0,17.77777777777778,37.2093023255814,27.586206896551722
636,0.0,0.0,0.0,15.094339622641506,10.714285714285712
637,0.0,0.0,7.4074074074074066,7.6923076923076925,6.451612903225808
638,20.689655172413797,13.793103448275861,6.896551724137931,20.689655172413797,20.689655172413797
639,40.0,8.0,0.0,61.53846153846153,50.0
640,16.666666666666664,12.5,14.814814814814813,16.666666666666664,16.666666666666664
641,11.76470588235294,11.11111111111111,12.5,11.76470588235294,11.11111111111111
642,0.0,0.0,0.0,0.0,0.0
643,0.0,0.0,0.0,26.666666666666668,0.0
644,22.222222222222225,26.666666666666668,0.0,23.52941176470588,33.33333333333333
645,18.51851851851852,21.428571428571423,15.094339622641511,11.320754716981133,18.51851851851852
646,9.302325581395348,6.451612903225805,6.451612903225805,0.0,0.0
647,0.0,28.57142857142857,23.076923076923077,0.0,0.0
648,22.950819672131146,4.0,14.035087719298245,16.0,15.384615384615385
649,37.500000000000014,26.08695652173913,26.08695652173913,56.25,47.05882352941176
650,100.0,28.57142857142857,28.57142857142857,100.0,100.0
651,19.047619047619047,44.44444444444444,10.256410256410255,11.76470588235294,32.43243243243243
652,29.09090909090909,23.529411764705884,28.57142857142857,4.545454545454546,27.45098039215686
653,0.0,0.0,0.0,0.0,0.0
654,11.11111111111111,0.0,10.256410256410255,11.11111111111111,11.11111111111111
655,24.137931034482758,10.526315789473683,23.80952380952381,16.666666666666664,16.216216216216214
656,62.5,53.333333333333336,62.5,33.33333333333333,62.5
657,44.44444444444444,44.44444444444444,0.0,22.22222222222222,44.44444444444444
658,16.666666666666664,0.0,13.043478260869565,0.0,14.634146341463413
659,0.0,11.11111111111111,0.0,22.22222222222222,30.0
660,58.82352941176471,58.82352941176471,58.82352941176471,58.82352941176471,58.82352941176471
661,15.0,25.80645161290323,22.857142857142858,15.0,13.953488372093027
662,0.0,0.0,0.0,0.0,0.0
663,38.46153846153846,41.66666666666666,27.27272727272727,30.0,30.0
664,35.29411764705881,35.897435897435905,21.05263157894737,47.27272727272728,33.84615384615385
665,50.000000000000014,40.0,40.0,50.000000000000014,35.29411764705882
666,53.333333333333336,40.00000000000001,34.782608695652165,53.333333333333336,53.333333333333336
667,38.88888888888889,6.896551724137931,7.692307692307692,41.66666666666667,41.66666666666667
668,19.51219512195122,0.0,7.142857142857144,8.695652173913045,31.25
669,20.0,20.0,11.76470588235294,18.181818181818183,20.0
670,0.0,0.0,0.0,0.0,0.0
671,15.0,0.0,11.428571428571427,0.0,0.0
672,18.181818181818183,8.333333333333334,8.695652173913045,25.0,18.181818181818183
673,28.000000000000004,18.750000000000007,5.555555555555555,17.64705882352941,31.999999999999996
674,19.35483870967742,10.526315789473683,25.0,44.44444444444444,44.44444444444444
675,0.0,0.0,0.0,0.0,0.0
676,27.27272727272728,0.0,0.0,0.0,29.629629629629633
677,12.5,12.5,12.5,28.57142857142857,12.5
678,43.90243902439025,54.05405405405405,33.33333333333333,43.90243902439025,43.90243902439025
679,7.6923076923076925,7.6923076923076925,15.686274509803921,28.57142857142857,40.67796610169492
680,20.0,18.18181818181818,17.857142857142858,25.97402597402597,20.0
681,40.0,66.66666666666666,61.53846153846153,40.0,40.0
682,10.810810810810812,21.621621621621625,10.810810810810812,26.666666666666668,10.810810810810812
683,23.076923076923077,42.85714285714285,35.714285714285715,20.0,23.076923076923077
684,0.0,0.0,0.0,0.0,0.0
685,46.15384615384615,38.09523809523809,38.09523809523809,46.15384615384615,42.857142857142854
686,40.0,25.0,25.0,23.076923076923077,59.25925925925927
687,29.50819672131147,11.940298507462686,17.142857142857146,27.27272727272727,29.03225806451613
688,8.333333333333332,48.275862068965516,7.4074074074074066,7.4074074074074066,7.4074074074074066
689,42.42424242424242,16.666666666666664,50.0,64.51612903225806,42.42424242424242
690,62.5,0.0,47.05882352941176,62.5,62.5
691,6.666666666666668,37.5,7.142857142857144,12.5,13.33333333333333
692,0.0,0.0,0.0,0.0,0.0
693,21.428571428571427,6.451612903225808,19.35483870967742,21.428571428571427,21.428571428571427
694,60.60606060606061,72.72727272727273,32.25806451612903,60.60606060606061,51.61290322580646
695,33.33333333333333,38.88888888888889,40.0,38.0952380952381,37.5
696,100.0,100.0,100.0,100.0,100.0
697,23.80952380952381,0.0,0.0,36.36363636363636,29.78723404255319
698,28.07017543859649,26.31578947368421,15.384615384615385,34.04255319148936,42.857142857142854
699,42.10526315789473,0.0,80.0,42.10526315789473,80.0
700,17.857142857142854,13.043478260869565,9.302325581395348,18.51851851851852,17.857142857142854
701,26.08695652173913,11.111111111111112,10.526315789473681,34.782608695652165,34.782608695652165
702,20.83333333333333,18.181818181818183,15.789473684210526,16.666666666666664,20.408163265306126
703,41.379310344827594,12.903225806451616,16.666666666666668,9.302325581395348,9.75609756097561
704,58.823529411764696,58.823529411764696,58.823529411764696,58.823529411764696,58.823529411764696
705,14.285714285714285,0.0,0.0,0.0,8.333333333333332
706,0.0,0.0,0.0,0.0,0.0
707,46.15384615384615,6.89655172413793,7.142857142857142,16.0,32.43243243243243
708,18.18181818181818,18.18181818181818,18.18181818181818,18.18181818181818,18.18181818181818
709,100.0,80.00000000000001,100.0,100.0,100.0
710,18.181818181818183,18.181818181818183,9.090909090909092,16.0,35.71428571428571
711,11.764705882352942,0.0,0.0,11.764705882352942,11.764705882352942
712,31.25,34.48275862068966,0.0,12.903225806451616,31.25
713,27.586206896551722,27.77777777777778,32.43243243243243,42.42424242424242,42.5531914893617
714,18.181818181818183,17.543859649122805,19.35483870967742,19.35483870967742,18.461538461538467
715,76.92307692307693,84.21052631578948,64.0,64.0,76.92307692307693
716,37.5,21.05263157894737,37.5,37.5,37.5
717,41.379310344827594,32.25806451612903,32.25806451612903,41.379310344827594,41.379310344827594
718,40.0,0.0,0.0,40.0,40.0
719,0.0,36.36363636363636,0.0,0.0,0.0
720,29.411764705882355,13.333333333333334,13.333333333333334,29.411764705882355,27.777777777777768
721,14.285714285714288,13.333333333333334,13.333333333333334,14.285714285714288,13.333333333333334
722,12.5,6.896551724137931,0.0,5.555555555555555,19.51219512195122
723,45.45454545454546,57.14285714285714,27.27272727272728,27.27272727272728,30.76923076923077
724,45.454545454545446,27.027027027027028,27.77777777777778,44.44444444444445,44.44444444444445
725,44.44444444444445,40.0,42.857142857142854,44.44444444444445,44.44444444444445
726,21.818181818181813,16.666666666666664,9.523809523809524,18.51851851851852,25.80645161290323
727,66.66666666666667,37.03703703703704,38.70967741935484,50.0,46.80851063829787
728,10.810810810810812,5.555555555555555,5.882352941176471,13.333333333333334,10.0
729,33.33333333333333,33.33333333333333,33.33333333333333,33.33333333333333,33.33333333333333
730,0.0,0.0,0.0,0.0,0.0
731,54.54545454545454,0.0,31.57894736842105,72.72727272727272,72.72727272727272
732,12.121212121212123,11.76470588235294,11.76470588235294,22.222222222222225,22.222222222222225
733,40.00000000000001,13.793103448275861,0.0,0.0,40.00000000000001
734,0.0,17.142857142857146,18.6046511627907,6.25,0.0
735,36.06557377049181,25.0,16.0,42.30769230769231,41.50943396226415
736,46.15384615384615,14.285714285714288,16.666666666666664,61.53846153846153,46.15384615384615
737,80.00000000000001,31.57894736842105,31.57894736842105,37.5,52.17391304347826
738,6.153846153846153,4.3478260869565215,4.166666666666666,7.2727272727272725,7.017543859649124
739,37.5,76.92307692307693,61.53846153846154,37.5,37.5
740,28.000000000000004,16.666666666666668,7.692307692307692,34.04255319148936,28.000000000000004
741,11.111111111111112,0.0,4.25531914893617,11.111111111111112,11.111111111111112
742,27.27272727272728,11.76470588235294,28.57142857142857,26.666666666666668,26.666666666666668
743,9.523809523809524,5.405405405405405,28.57142857142857,11.11111111111111,11.76470588235294
744,30.0,30.0,19.04761904761905,30.0,30.0
745,0.0,0.0,0.0,0.0,4.545454545454545
746,0.0,0.0,0.0,0.0,0.0
747,16.470588235294116,3.7037037037037033,0.0,6.349206349206349,12.307692307692307
748,41.66666666666666,8.0,15.384615384615385,41.66666666666666,41.66666666666666
749,35.294117647058826,0.0,25.0,22.857142857142858,35.294117647058826
750,5.0,0.0,0.0,0.0,10.0
751,30.769230769230766,0.0,0.0,25.0,25.0
752,10.526315789473683,0.0,0.0,11.111111111111112,31.57894736842105
753,4.3478260869565215,8.163265306122447,22.22222222222222,23.333333333333332,21.052631578947366
754,41.379310344827594,17.391304347826082,17.391304347826082,41.379310344827594,41.66666666666666
755,11.111111111111112,33.33333333333333,10.000000000000002,11.111111111111112,11.111111111111112
756,46.15384615384615,30.769230769230766,46.15384615384615,26.666666666666668,46.15384615384615
757,44.44444444444445,0.0,42.10526315789474,34.78260869565218,44.44444444444445
758,26.08695652173913,43.90243902439024,15.384615384615385,21.27659574468085,40.9090909090909
759,22.727272727272723,17.777777777777775,13.33333333333333,30.0,22.727272727272723
760,20.51282051282051,21.62162162162162,25.0,50.0,47.05882352941176
761,28.57142857142857,16.666666666666664,19.047619047619047,19.047619047619047,19.047619047619047
762,60.86956521739131,27.27272727272727,25.0,60.86956521739131,60.86956521739131
763,28.57142857142857,20.0,20.0,21.05263157894737,21.05263157894737
764,35.29411764705882,12.500000000000005,26.08695652173913,31.03448275862069,40.740740740740726
765,12.903225806451616,2.8571428571428568,0.0,38.35616438356165,11.11111111111111
766,27.58620689655173,7.142857142857144,25.806451612903224,27.58620689655173,27.58620689655173
767,40.0,18.75,0.0,38.88888888888888,41.1764705882353
768,57.14285714285713,39.02439024390244,58.536585365853654,52.38095238095239,57.14285714285713
769,11.764705882352937,18.867924528301884,13.043478260869563,17.391304347826082,24.0
770,6.666666666666668,6.25,6.666666666666668,6.25,6.060606060606061
771,11.111111111111112,62.5,62.5,50.0,12.5
772,27.27272727272728,0.0,10.526315789473683,63.63636363636363,27.27272727272728
773,32.14285714285714,16.0,26.66666666666666,38.297872340425535,44.44444444444445
774,25.0,25.0,25.0,25.0,25.0
775,17.391304347826082,12.121212121212123,12.903225806451616,19.04761904761905,19.35483870967742
776,33.33333333333333,31.57894736842105,35.29411764705882,77.77777777777779,33.33333333333333
777,50.0,50.0,50.0,50.0,50.0
778,21.05263157894737,9.523809523809522,18.181818181818183,21.05263157894737,21.05263157894737
779,23.52941176470588,12.195121951219512,6.25,26.82926829268293,21.428571428571427
780,33.33333333333333,33.33333333333333,33.33333333333333,33.33333333333333,33.33333333333333
781,26.666666666666668,12.5,12.5,19.04761904761905,11.76470588235294
782,0.0,0.0,14.814814814814813,19.047619047619047,10.526315789473683
783,28.571428571428566,9.090909090909092,18.181818181818183,41.66666666666666,18.181818181818183
784,10.714285714285714,20.0,12.5,24.137931034482758,15.873015873015875
785,33.33333333333333,38.0952380952381,38.0952380952381,38.0952380952381,33.33333333333333
786,0.0,6.060606060606061,12.903225806451612,0.0,0.0
787,60.24096385542169,3.1250000000000013,15.625,41.237113402061865,53.191489361702125
788,62.5,60.0,62.5,37.5,62.5
789,4.651162790697674,6.666666666666668,0.0,0.0,5.882352941176471
790,16.666666666666668,0.0,0.0,9.090909090909092,9.090909090909092
791,33.333333333333336,26.666666666666668,26.666666666666668,30.769230769230766,33.333333333333336
792,32.0,32.0,32.0,40.0,32.0
793,10.526315789473683,16.216216216216214,20.0,20.0,16.216216216216214
794,35.0,5.128205128205127,5.882352941176471,35.0,28.57142857142857
795,9.523809523809524,20.51282051282051,5.88235294117647,5.0,20.83333333333333
796,35.294117647058826,11.76470588235294,8.0,29.411764705882355,36.36363636363637
797,0.0,0.0,0.0,0.0,0.0
798,29.629629629629626,22.22222222222222,28.57142857142857,35.714285714285715,29.629629629629626
799,34.48275862068966,8.0,16.666666666666664,16.0,34.48275862068966
800,38.09523809523809,37.2093023255814,34.14634146341463,38.09523809523809,38.09523809523809
801,18.75,17.142857142857146,15.789473684210526,27.027027027027028,34.28571428571429
802,42.857142857142854,18.18181818181818,34.48275862068966,35.714285714285715,55.319148936170215
803,40.625,0.0,10.000000000000002,30.76923076923077,34.615384615384606
804,71.42857142857143,71.42857142857143,71.42857142857143,71.42857142857143,71.42857142857143
805,58.823529411764696,47.05882352941176,54.54545454545454,58.823529411764696,58.823529411764696
806,41.66666666666667,33.333333333333336,42.10526315789474,41.66666666666667,41.66666666666667
807,4.651162790697674,0.0,0.0,5.000000000000001,7.142857142857144
808,0.0,40.0,50.0,100.0,100.0
809,100.0,100.0,100.0,100.0,100.0
810,0.0,6.666666666666668,18.18181818181818,0.0,0.0
811,24.0,20.408163265306126,15.0,25.0,25.0
812,30.76923076923077,11.76470588235294,0.0,33.33333333333333,33.33333333333333
813,0.0,6.666666666666668,11.76470588235294,13.793103448275861,21.428571428571423
814,16.666666666666664,18.181818181818183,10.909090909090907,16.666666666666664,16.666666666666664
815,80.00000000000001,66.66666666666666,66.66666666666666,80.00000000000001,80.00000000000001
816,0.0,0.0,0.0,0.0,16.666666666666664
817,68.96551724137929,8.0,15.789473684210526,44.44444444444444,42.553191489361694
818,6.896551724137932,0.0,6.666666666666668,18.75,6.896551724137932
